GROUP,PACKAGE,CLASS,INSTRUCTION_MISSED,INSTRUCTION_COVERED,BRANCH_MISSED,BRANCH_COVERED,LINE_MISSED,LINE_COVERED,COMPLEXITY_MISSED,COMPLEXITY_COVERED,METHOD_MISSED,METHOD_COVERED
PashupatirajSunuwar-20SoftwareJun1,com.qa.ims.controller,Action,33,83,2,0,9,9,3,3,2,3
PashupatirajSunuwar-20SoftwareJun1,com.qa.ims.controller,CustomerController,2,150,0,2,1,42,1,7,1,6
PashupatirajSunuwar-20SoftwareJun1,com.qa.ims.controller,ProductController,88,46,0,2,21,14,3,5,3,4
PashupatirajSunuwar-20SoftwareJun1,com.qa.ims.controller,OrderController,89,43,0,2,21,13,3,5,3,4
PashupatirajSunuwar-20SoftwareJun1,com.qa.ims,Ims,180,59,16,3,48,12,16,4,4,3
PashupatirajSunuwar-20SoftwareJun1,com.qa.ims,Runner,14,0,0,0,5,0,3,0,3,0
PashupatirajSunuwar-20SoftwareJun1,com.qa.ims.persistence.dao,ProductDaoMysql,317,0,2,0,72,0,11,0,10,0
PashupatirajSunuwar-20SoftwareJun1,com.qa.ims.persistence.dao,OrderDaoMysql,311,0,2,0,71,0,11,0,10,0
PashupatirajSunuwar-20SoftwareJun1,com.qa.ims.persistence.dao,CustomerDaoMysql,85,261,0,2,23,53,1,10,1,9
PashupatirajSunuwar-20SoftwareJun1,com.qa.ims.services,ProductServices,0,28,0,0,0,8,0,5,0,5
PashupatirajSunuwar-20SoftwareJun1,com.qa.ims.services,OrderServices,0,28,0,0,0,8,0,5,0,5
PashupatirajSunuwar-20SoftwareJun1,com.qa.ims.services,CustomerServices,0,28,0,0,0,8,0,5,0,5
PashupatirajSunuwar-20SoftwareJun1,com.qa.ims.utils,Utils,9,0,0,0,2,0,2,0,2,0
PashupatirajSunuwar-20SoftwareJun1,com.qa.ims.persistence.domain,Order,0,94,0,0,0,28,0,12,0,12
PashupatirajSunuwar-20SoftwareJun1,com.qa.ims.persistence.domain,Domain,33,72,2,0,9,8,3,3,2,3
PashupatirajSunuwar-20SoftwareJun1,com.qa.ims.persistence.domain,Customer,18,224,3,27,6,62,6,27,3,15
PashupatirajSunuwar-20SoftwareJun1,com.qa.ims.persistence.domain,Product,15,69,0,0,7,17,4,7,4,7
